,vanilla,bidirectional,cnn-lstm,conv-lstm,actual,actual_for_cnn_conv
0,[21.628684997558594],[26.3068790435791],[26.92783546447754],[25.716598510742188],[25],[25]
1,[21.628684997558594],[26.3068790435791],[26.92783546447754],[25.716598510742188],[25],[25]
2,[21.628684997558594],[26.3068790435791],[26.92783546447754],[25.716598510742188],[25],[25]
3,[21.628684997558594],[26.3068790435791],[26.92783546447754],[25.716598510742188],[30],[30]
4,[27.273408889770508],[32.6673469543457],[31.306739807128906],[32.137447357177734],[35],[35]
5,[32.20674514770508],[39.373470306396484],[39.89741897583008],[38.894569396972656],[35],[35]
6,[30.427087783813477],[37.52556610107422],[37.60499954223633],[37.459068298339844],[35],[35]
7,[29.69856834411621],[36.187164306640625],[38.3447265625],[36.08385467529297],[55],[55]
8,[54.168182373046875],[65.08029174804688],[56.73247146606445],[63.72713851928711],[55],[55]
9,[45.9950065612793],[55.38444137573242],[61.12002944946289],[58.819313049316406],[55],[55]
10,[46.13163757324219],[56.73964309692383],[54.47229766845703],[55.811859130859375],[55],[55]
11,[45.44332504272461],[55.19231414794922],[53.750125885009766],[54.49277114868164],[60],[60]
12,[52.488155364990234],[63.155696868896484],[58.875614166259766],[62.25020217895508],[65],[65]
13,[57.51108169555664],[68.81570434570312],[68.30781555175781],[68.18832397460938],[70],[70]
14,[61.86969757080078],[74.03855895996094],[73.20106506347656],[73.98025512695312],[75],[75]
15,[66.05951690673828],[78.65869140625],[77.71735382080078],[78.77684783935547],[70],[70]
16,[56.25514602661133],[66.77314758300781],[75.92890167236328],[66.69142150878906],[65],[65]
17,[50.17212677001953],[60.754493713378906],[61.69942092895508],[59.87644577026367],[65],[65]
18,[52.00004196166992],[62.71257400512695],[57.5239372253418],[62.52204895019531],[55],[55]
19,[39.98787307739258],[48.52861785888672],[53.420169830322266],[48.77649688720703],[50],[50]
20,[36.259178161621094],[45.87455368041992],[44.67892074584961],[44.221153259277344],[45],[45]
21,[33.665611267089844],[40.36735916137695],[43.14336013793945],[40.18155288696289],[40],[40]
22,[29.688684463500977],[36.0102653503418],[38.696617126464844],[36.052154541015625],[40],[40]
23,[31.787965774536133],[37.841339111328125],[38.91586685180664],[37.6500129699707],[40],[40]
24,[32.88652420043945],[39.66524887084961],[40.82700729370117],[38.829017639160156],[40],[40]
25,[33.20787811279297],[40.38524627685547],[41.17049026489258],[39.75825500488281],[40],[40]
26,[33.20787811279297],[40.38524627685547],[41.17049026489258],[39.75825500488281],[40],[40]
27,[33.20787811279297],[40.38524627685547],[41.17049026489258],[39.75825500488281],[40],[40]
28,[33.20787811279297],[40.38524627685547],[41.17049026489258],[39.75825500488281],[40],[40]
29,[33.20787811279297],[40.38524627685547],[41.17049026489258],[39.75825500488281],[35],[35]
30,[27.390682220458984],[33.30051803588867],[36.20769500732422],[33.26078796386719],[35],[35]
31,[28.317211151123047],[33.719722747802734],[35.109500885009766],[33.612430572509766],[35],[35]
32,[28.895959854125977],[34.75331115722656],[36.892398834228516],[34.04882049560547],[35],[35]
33,[29.26118278503418],[35.568782806396484],[37.01349639892578],[34.86799621582031],[35],[35]
34,[29.26118278503418],[35.568782806396484],[37.01349639892578],[34.86799621582031],[35],[35]
35,[29.26118278503418],[35.568782806396484],[37.01349639892578],[34.86799621582031],[40],[40]
36,[35.54705810546875],[43.13642883300781],[40.54131317138672],[41.91460037231445],[40],[40]
37,[34.043453216552734],[41.98408889770508],[44.24270248413086],[41.373870849609375],[45],[45]
38,[39.911834716796875],[48.41728210449219],[48.26215362548828],[48.52825164794922],[45],[45]
39,[38.12194061279297],[46.90610885620117],[49.50872802734375],[46.232398986816406],[45],[45]
40,[37.60308837890625],[45.693946838378906],[48.055057525634766],[45.645652770996094],[45],[45]
41,[37.23122024536133],[45.32305908203125],[45.31175231933594],[44.60736083984375],[50],[50]
42,[43.9790153503418],[53.238128662109375],[50.00362777709961],[52.21996307373047],[60],[60]
43,[55.65507507324219],[67.18025207519531],[64.8508071899414],[65.82667541503906],[70],[70]
44,[63.952945709228516],[76.67936706542969],[75.98808288574219],[77.59028625488281],[70],[70]
45,[59.77851486206055],[71.79883575439453],[72.68090057373047],[72.08024597167969],[70],[70]
46,[58.1877326965332],[70.89488220214844],[70.0582504272461],[70.32316589355469],[70],[70]
47,[57.80392837524414],[69.62905883789062],[66.87059020996094],[69.1231689453125],[70],[70]
48,[57.80392837524414],[69.62905883789062],[66.87059020996094],[69.1231689453125],[65],[65]
49,[51.08252716064453],[61.20334243774414],[62.90317916870117],[60.62907409667969],[65],[65]
50,[51.75143051147461],[63.461456298828125],[58.1104850769043],[63.168182373046875],[65],[65]
51,[53.135765075683594],[64.1236572265625],[61.312889099121094],[63.59343338012695],[65],[65]
52,[53.7116584777832],[64.86650085449219],[62.45752716064453],[64.17266082763672],[65],[65]
53,[53.7116584777832],[64.86650085449219],[62.45752716064453],[64.17266082763672],[65],[65]
54,[53.7116584777832],[64.86650085449219],[62.45752716064453],[64.17266082763672],[65],[65]
55,[53.7116584777832],[64.86650085449219],[62.45752716064453],[64.17266082763672],[65],[65]
56,[53.7116584777832],[64.86650085449219],[62.45752716064453],[64.17266082763672],[80],[80]
57,[75.0496826171875],[87.17179107666016],[78.81182098388672],[86.96305847167969],[80],[80]
58,[66.30458068847656],[80.68170166015625],[83.7922134399414],[81.97457885742188],[75],[75]
59,[60.86570739746094],[72.8525390625],[78.83636474609375],[70.94393920898438],[65],[65]
60,[46.84783172607422],[56.889381408691406],[58.69231414794922],[54.980262756347656],[45],[45]
61,[29.594894409179688],[32.796180725097656],[40.95114517211914],[33.38443374633789],[30],[30]
62,[22.347810745239258],[23.711280822753906],[23.591732025146484],[27.289146423339844],[30],[30]
63,[23.236589431762695],[25.681169509887695],[37.68312454223633],[28.359251022338867],[35],[35]
64,[30.32262420654297],[35.65028381347656],[33.99534606933594],[34.71073913574219],[35],[35]
65,[30.015350341796875],[37.11112594604492],[39.39329528808594],[36.43927764892578],[35],[35]
66,[29.69856834411621],[36.187164306640625],[38.3447265625],[36.08385467529297],[35],[35]
67,[29.26118278503418],[35.568782806396484],[37.01349639892578],[34.86799621582031],[45],[45]
68,[42.0837516784668],[50.8789176940918],[45.73827362060547],[49.61417007446289],[55],[55]
69,[50.96695327758789],[61.682071685791016],[61.44740295410156],[61.81053161621094],[55],[55]
70,[47.35818099975586],[57.053184509277344],[57.84703063964844],[57.615074157714844],[65],[65]
71,[58.981773376464844],[71.2266845703125],[68.44841766357422],[71.05220031738281],[65],[65]
72,[54.53158950805664],[65.98312377929688],[68.92488098144531],[66.16865539550781],[65],[65]
73,[54.100948333740234],[66.00713348388672],[65.555908203125],[65.48058319091797],[70],[70]
74,[60.890254974365234],[72.76871490478516],[67.80220794677734],[72.08340454101562],[90],[90]
75,[84.92732238769531],[99.45462799072266],[93.83147430419922],[99.57600402832031],[100],[100]
76,[88.15105438232422],[104.69243621826172],[105.74431610107422],[108.19294738769531],[115],[115]
77,[105.0768814086914],[122.90421295166016],[116.98556518554688],[122.55646514892578],[90],[90]
78,[66.6380615234375],[68.75517272949219],[109.58490753173828],[70.88379669189453],[55],[55]
79,[34.37776184082031],[39.870521545410156],[47.149112701416016],[42.32798767089844],[45],[45]
80,[31.541118621826172],[32.92434310913086],[28.01296615600586],[33.482112884521484],[30],[30]
81,[22.49658203125],[27.496553421020508],[27.298301696777344],[25.3792667388916],[25],[25]
82,[19.196462631225586],[21.745023727416992],[33.54203414916992],[23.17490577697754],[25],[25]
83,[20.185659408569336],[23.284982681274414],[30.259634017944336],[25.14763069152832],[25],[25]
84,[21.198259353637695],[25.48350715637207],[27.507986068725586],[25.16032600402832],[25],[25]
85,[21.628684997558594],[26.3068790435791],[26.92783546447754],[25.716598510742188],[25],[25]
86,[21.628684997558594],[26.3068790435791],[26.92783546447754],[25.716598510742188],[25],[25]
87,[21.628684997558594],[26.3068790435791],[26.92783546447754],[25.716598510742188],[30],[30]
88,[27.273408889770508],[32.6673469543457],[31.306739807128906],[32.137447357177734],[30],[30]
89,[26.049968719482422],[32.28691482543945],[34.19363021850586],[31.96842384338379],[30],[30]
90,[25.812705993652344],[31.731826782226562],[33.570655822753906],[31.44039535522461],[30],[30]
91,[25.40105628967285],[30.904064178466797],[33.09611511230469],[30.096757888793945],[35],[35]
92,[31.391027450561523],[38.048439025878906],[35.82333755493164],[36.94538116455078],[35],[35]
93,[30.015350341796875],[37.11112594604492],[39.39329528808594],[36.43927764892578],[35],[35]
94,[29.69856834411621],[36.187164306640625],[38.3447380065918],[36.08385467529297],[40],[40]
95,[35.54705810546875],[43.13643264770508],[40.54132080078125],[41.91460037231445],[45],[45]
96,[40.6114616394043],[49.759281158447266],[49.87166976928711],[48.70574188232422],[50],[50]
97,[45.0434684753418],[55.079036712646484],[53.85111618041992],[54.53594970703125],[50],[50]
98,[42.58047103881836],[52.14546585083008],[53.478477478027344],[51.594482421875],[65],[65]
99,[61.500091552734375],[73.29083251953125],[69.02017211914062],[73.4411849975586],[65],[65]
100,[54.13201904296875],[65.64892578125],[70.24041748046875],[67.23123931884766],[55],[55]
101,[43.30976104736328],[50.80743408203125],[65.30901336669922],[50.58399963378906],[40],[40]
102,[27.28137969970703],[31.4476318359375],[36.80807876586914],[31.89628791809082],[40],[40]
103,[31.02353286743164],[37.10587692260742],[32.97801208496094],[36.02216720581055],[30],[30]
104,[22.13133430480957],[27.05068016052246],[30.94293212890625],[27.24834442138672],[25],[25]
105,[19.513530731201172],[23.130224227905273],[28.990957260131836],[25.198179244995117],[20],[20]
106,[16.034879684448242],[19.84844207763672],[26.419857025146484],[21.193334579467773],[25],[25]
107,[22.301454544067383],[25.103534698486328],[24.534517288208008],[25.56618309020996],[20],[20]
108,[16.62358856201172],[22.010766983032227],[25.53137969970703],[22.146343231201172],[25],[25]
109,[22.709854125976562],[26.28797149658203],[25.53137969970703],[27.263174057006836],[25],[25]
110,[21.713727951049805],[27.27428436279297],[26.72098731994629],[26.407663345336914],[30],[30]
111,[27.577964782714844],[32.95247268676758],[32.747562408447266],[32.994842529296875],[30],[30]
112,[26.049968719482422],[32.28691482543945],[34.19363021850586],[31.96842384338379],[30],[30]
113,[25.812705993652344],[31.731826782226562],[33.570655822753906],[31.44039535522461],[35],[35]
114,[31.391027450561523],[38.048439025878906],[35.82333755493164],[36.94538116455078],[35],[35]
115,[30.015350341796875],[37.11112594604492],[39.39329528808594],[36.43927764892578],[40],[40]
116,[35.7969856262207],[43.355098724365234],[43.30009078979492],[43.530941009521484],[45],[45]
117,[40.6114616394043],[49.759281158447266],[49.87166976928711],[48.70574188232422],[45],[45]
118,[38.50105285644531],[47.26960372924805],[47.97502899169922],[46.88429260253906],[50],[50]
119,[44.043277740478516],[53.5013542175293],[53.627296447753906],[53.53917694091797],[50],[50]
120,[42.23213195800781],[51.67557144165039],[53.96854782104492],[50.89556121826172],[50],[50]
121,[41.61418914794922],[50.711181640625],[52.66118621826172],[50.531349182128906],[45],[45]
122,[34.98197937011719],[42.55475616455078],[45.55678176879883],[42.06718063354492],[30],[30]
123,[22.337589263916016],[25.783721923828125],[28.401554107666016],[28.770313262939453],[30],[30]
124,[23.87626075744629],[28.122108459472656],[34.06684875488281],[26.86924934387207],[25],[25]
125,[19.24618148803711],[24.016939163208008],[30.04620933532715],[24.641530990600586],[25],[25]
126,[21.07632064819336],[24.84288787841797],[27.082286834716797],[24.902021408081055],[25],[25]
127,[21.198261260986328],[25.483505249023438],[27.507980346679688],[25.16032600402832],[25],[25]
128,[21.628684997558594],[26.3068790435791],[26.92783546447754],[25.716598510742188],[25],[25]
129,[21.628684997558594],[26.3068790435791],[26.92783546447754],[25.716598510742188],[25],[25]
130,[21.628684997558594],[26.3068790435791],[26.92783546447754],[25.716598510742188],[25],[25]
131,[21.628684997558594],[26.3068790435791],[26.92783546447754],[25.716598510742188],[25],[25]
132,[21.628684997558594],[26.3068790435791],[26.92783546447754],[25.716598510742188],[25],[25]
133,[21.628684997558594],[26.3068790435791],[26.92783546447754],[25.716598510742188],[25],[25]
134,[21.628684997558594],[26.3068790435791],[26.92783546447754],[25.716598510742188],[25],[25]
135,[21.628684997558594],[26.3068790435791],[26.92783546447754],[25.716598510742188],[25],[25]
136,[21.628684997558594],[26.3068790435791],[26.92783546447754],[25.716598510742188],[25],[25]
137,[21.628684997558594],[26.3068790435791],[26.92783546447754],[25.716598510742188],[25],[25]
138,[21.628684997558594],[26.3068790435791],[26.92783546447754],[25.716598510742188],[25],[25]
139,[21.628684997558594],[26.3068790435791],[26.92783546447754],[25.716598510742188],[35],[35]
140,[33.322715759277344],[40.268890380859375],[36.67097854614258],[38.730628967285156],[45],[45]
141,[42.531558990478516],[51.14960479736328],[50.85961151123047],[50.52353286743164],[55],[55]
142,[51.35314178466797],[61.72452926635742],[58.78910827636719],[61.830257415771484],[65],[65]
143,[59.91917419433594],[72.2446517944336],[69.80891418457031],[72.87995910644531],[65],[65]
144,[55.63196563720703],[66.9373550415039],[68.163818359375],[67.30830383300781],[70],[70]
145,[60.64967346191406],[73.72545623779297],[71.5035629272461],[73.19580078125],[95],[95]
146,[90.49333190917969],[106.41568756103516],[99.35281372070312],[106.28157043457031],[110],[110]
147,[97.59357452392578],[115.92342376708984],[117.5712661743164],[120.5897216796875],[120],[120]
148,[107.65376281738281],[126.39100646972656],[120.98489379882812],[123.66384887695312],[115],[115]
149,[94.03758239746094],[110.3727798461914],[117.72625732421875],[110.51594543457031],[115],[115]
150,[94.10990142822266],[112.74729919433594],[109.31118774414062],[110.20594787597656],[105],[105]
151,[79.71049499511719],[93.8839111328125],[97.90798950195312],[96.49188995361328],[105],[105]
152,[82.82319641113281],[100.2702865600586],[88.32218933105469],[100.05940246582031],[105],[105]
153,[83.63213348388672],[101.35738372802734],[95.45950317382812],[101.06697845458984],[90],[90]
154,[66.63719177246094],[76.92549133300781],[86.20661926269531],[76.0887451171875],[75],[75]
155,[47.8217887878418],[62.33100509643555],[59.82597351074219],[58.952186584472656],[65],[65]
156,[45.74671936035156],[54.43966293334961],[57.185630798339844],[55.55610656738281],[65],[65]
157,[52.48857879638672],[60.703582763671875],[57.8692512512207],[59.18824768066406],[65],[65]
158,[52.725120544433594],[63.490501403808594],[60.35203170776367],[63.164188385009766],[65],[65]
159,[53.711647033691406],[64.86650085449219],[62.45752716064453],[64.17266082763672],[65],[65]
160,[53.7116584777832],[64.86650085449219],[62.45752716064453],[64.17266082763672],[65],[65]
161,[53.7116584777832],[64.86650085449219],[62.45752716064453],[64.17266082763672],[65],[65]
162,[53.7116584777832],[64.86650085449219],[62.45752716064453],[64.17266082763672],[65],[65]
163,[53.7116584777832],[64.86650085449219],[62.45752716064453],[64.17266082763672],[60],[60]
164,[47.01088333129883],[56.566650390625],[58.495452880859375],[56.033058166503906],[65],[65]
165,[54.496376037597656],[66.38622283935547],[58.495452880859375],[66.14907836914062],[60],[60]
166,[46.94118118286133],[56.60744094848633],[62.03767013549805],[57.524085998535156],[55],[55]
167,[42.36355972290039],[51.13279342651367],[53.100433349609375],[50.433082580566406],[45],[45]
168,[31.582868576049805],[38.31242370605469],[42.440589904785156],[38.64868927001953],[30],[30]
169,[21.543901443481445],[24.719728469848633],[27.60782814025879],[28.70230484008789],[25],[25]
170,[19.196462631225586],[21.745023727416992],[33.54203414916992],[23.17490577697754],[20],[20]
171,[15.94155502319336],[20.126220703125],[27.30980682373047],[20.544464111328125],[20],[20]
172,[17.26853370666504],[20.770166397094727],[21.801834106445312],[21.60138702392578],[20],[20]
173,[17.5508975982666],[21.303531646728516],[21.6956787109375],[21.56818199157715],[25],[25]
174,[23.1800537109375],[27.153541564941406],[25.883769989013672],[26.14870262145996],[30],[30]
175,[28.019012451171875],[33.91330337524414],[32.76503372192383],[32.52935028076172],[30],[30]
176,[26.43246841430664],[32.74821853637695],[31.820083618164062],[32.41786575317383],[30],[30]
177,[25.812705993652344],[31.731826782226562],[33.570655822753906],[31.44039535522461],[30],[30]
178,[25.40105628967285],[30.904064178466797],[33.09611511230469],[30.096757888793945],[35],[35]
179,[31.391027450561523],[38.048439025878906],[35.82333755493164],[36.94538116455078],[35],[35]
180,[30.015350341796875],[37.11112594604492],[39.39329528808594],[36.43927764892578],[35],[35]
181,[29.69856834411621],[36.187164306640625],[38.3447265625],[36.08385467529297],[30],[30]
182,[23.783803939819336],[28.954822540283203],[31.987394332885742],[29.290048599243164],[30],[30]
183,[24.658538818359375],[29.014705657958984],[32.7798957824707],[29.014585494995117],[30],[30]
184,[24.97804832458496],[30.000564575195312],[33.61832809448242],[29.35795021057129],[25],[25]
185,[20.314929962158203],[24.968645095825195],[28.044267654418945],[25.838600158691406],[25],[25]
186,[21.07632064819336],[24.84288787841797],[27.082286834716797],[24.902019500732422],[25],[25]
187,[21.198259353637695],[25.48350715637207],[27.507986068725586],[25.16032600402832],[25],[25]
188,[21.628684997558594],[26.3068790435791],[26.92783546447754],[25.716598510742188],[25],[25]
189,[21.628684997558594],[26.3068790435791],[26.92783546447754],[25.716598510742188],[25],[25]
190,[21.62868309020996],[26.3068790435791],[26.927831649780273],[25.71660041809082],[25],[25]
191,[21.62868309020996],[26.3068790435791],[26.927831649780273],[25.71660041809082],[25],[25]
192,[21.628684997558594],[26.3068790435791],[26.92783546447754],[25.716598510742188],[25],[25]
193,[21.628684997558594],[26.3068790435791],[26.92783546447754],[25.716598510742188],[25],[25]
194,[21.628684997558594],[26.3068790435791],[26.92783546447754],[25.716598510742188],[25],[25]
195,[21.628684997558594],[26.3068790435791],[26.92783546447754],[25.716598510742188],[20],[20]
196,[16.968730926513672],[21.45799446105957],[23.458251953125],[22.169775009155273],[25],[25]
197,[22.50015640258789],[25.59649085998535],[23.458251953125],[25.74994468688965],[25],[25]
198,[21.713727951049805],[27.27428436279297],[26.72098731994629],[26.407663345336914],[25],[25]
199,[21.96670913696289],[27.24006462097168],[26.72098731994629],[26.89528465270996],[25],[25]
200,[21.628684997558594],[26.3068790435791],[26.92783546447754],[25.716598510742188],[30],[30]
201,[27.273408889770508],[32.6673469543457],[31.306739807128906],[32.137447357177734],[30],[30]
202,[26.049968719482422],[32.28691482543945],[34.19363021850586],[31.96842384338379],[30],[30]
203,[25.812705993652344],[31.731826782226562],[33.570655822753906],[31.44039535522461],[30],[30]
204,[25.40105628967285],[30.904064178466797],[33.09611511230469],[30.096757888793945],[30],[30]
205,[25.40105628967285],[30.904064178466797],[33.09611511230469],[30.096757888793945],[30],[30]
206,[25.40105628967285],[30.904064178466797],[33.09611511230469],[30.096757888793945],[35],[35]
207,[31.391027450561523],[38.048439025878906],[35.82333755493164],[36.94538116455078],[35],[35]
208,[30.015350341796875],[37.11112594604492],[39.39329528808594],[36.43927764892578],[45],[45]
209,[42.133216857910156],[51.19375991821289],[49.137203216552734],[51.316490173339844],[45],[45]
210,[38.214561462402344],[46.615562438964844],[49.56563949584961],[47.30231475830078],[50],[50]
211,[44.08990478515625],[53.68428039550781],[52.18621826171875],[53.81399917602539],[45],[45]
212,[35.708553314208984],[43.907203674316406],[50.00362777709961],[43.598899841308594],[35],[35]
213,[26.635744094848633],[30.466327667236328],[35.65632247924805],[30.70860481262207],[35],[35]
214,[27.60724449157715],[32.73322677612305],[33.824432373046875],[32.26900100708008],[30],[30]
215,[22.781530380249023],[27.859813690185547],[31.834566116333008],[28.13051414489746],[25],[25]
216,[19.944730758666992],[23.49384117126465],[27.911121368408203],[25.497922897338867],[25],[25]
217,[20.760183334350586],[24.0511474609375],[28.36570167541504],[24.55992317199707],[20],[20]
218,[16.4545841217041],[20.793214797973633],[24.534517288208008],[21.437227249145508],[20],[20]
219,[17.56361961364746],[21.242589950561523],[20.58403968811035],[21.21439552307129],[20],[20]
220,[17.5508975982666],[21.303531646728516],[21.6956787109375],[21.56818199157715],[20],[20]
221,[17.930456161499023],[21.814485549926758],[21.69228172302246],[21.66388511657715],[25],[25]
222,[23.1800537109375],[27.153539657592773],[25.883769989013672],[26.14870262145996],[25],[25]
223,[22.15119171142578],[27.38117027282715],[26.683626174926758],[26.991609573364258],[25],[25]
224,[21.96670913696289],[27.24006462097168],[26.72098731994629],[26.89528465270996],[30],[30]
225,[27.273408889770508],[32.6673469543457],[31.306739807128906],[32.137447357177734],[35],[35]
226,[32.20674514770508],[39.373470306396484],[39.89741897583008],[38.894569396972656],[35],[35]
227,[30.427087783813477],[37.52556610107422],[37.60499954223633],[37.459068298339844],[55],[55]
228,[54.09892272949219],[65.73603057861328],[60.80241775512695],[65.2701187133789],[70],[70]
229,[64.27293395996094],[75.2995376586914],[79.12068939208984],[76.5077133178711],[65],[65]
230,[53.700233459472656],[64.86915588378906],[72.11831665039062],[65.05039978027344],[65],[65]
231,[53.85786056518555],[65.38446807861328],[63.89869689941406],[65.05260467529297],[65],[65]
232,[53.135765075683594],[64.1236572265625],[61.312889099121094],[63.59343338012695],[65],[65]
233,[53.7116584777832],[64.86650085449219],[62.45752716064453],[64.17266082763672],[65],[65]
234,[53.7116584777832],[64.86650085449219],[62.45752716064453],[64.17266082763672],[70],[70]
235,[60.890254974365234],[72.76871490478516],[67.80220794677734],[72.08340454101562],[80],[80]
236,[72.77544403076172],[85.38046264648438],[82.78956604003906],[85.36907958984375],[85],[85]
237,[74.3945541381836],[88.4311752319336],[88.07520294189453],[89.3714599609375],[90],[90]
238,[78.81121826171875],[93.17159271240234],[90.89163970947266],[93.08739471435547],[95],[95]
239,[82.61226654052734],[97.32926177978516],[95.78527069091797],[97.6759262084961],[100],[100]
240,[86.6986312866211],[102.0398941040039],[100.30255126953125],[102.18319702148438],[100],[100]
241,[83.12614440917969],[98.74076843261719],[98.83628845214844],[98.79013061523438],[100],[100]
242,[82.41478729248047],[98.59661102294922],[97.31603240966797],[97.57798767089844],[90],[90]
243,[68.8212890625],[80.4666976928711],[85.70231628417969],[80.52523803710938],[90],[90]
244,[70.35700225830078],[86.5743179321289],[75.0866470336914],[86.06210327148438],[95],[95]
245,[78.65015411376953],[94.99547576904297],[87.51451110839844],[93.7358169555664],[90],[90]
246,[71.40782165527344],[84.46028900146484],[90.200439453125],[85.67594909667969],[90],[90]
247,[72.7767105102539],[88.35868072509766],[83.37425231933594],[87.619140625],[85],[85]
248,[66.2154541015625],[79.11407470703125],[79.4000473022461],[79.97784423828125],[80],[80]
249,[61.67881393432617],[74.61185455322266],[71.37166595458984],[73.66810607910156],[80],[80]
250,[64.03352355957031],[77.48802947998047],[69.83056640625],[77.09991455078125],[90],[90]
251,[79.49969482421875],[93.4862289428711],[85.4009780883789],[92.94428253173828],[100],[100]
252,[88.8854751586914],[104.5864486694336],[103.47039794921875],[105.93148040771484],[100],[100]
253,[84.48406219482422],[99.93386840820312],[99.78430938720703],[99.57034301757812],[100],[100]
254,[82.98770141601562],[99.27296447753906],[97.13626098632812],[97.23539733886719],[120],[120]
255,[111.23311614990234],[126.85066223144531],[115.73202514648438],[127.46943664550781],[120],[120]
256,[97.42998504638672],[119.92628479003906],[121.98260498046875],[120.74263000488281],[125],[125]
257,[106.51493072509766],[126.54388427734375],[121.16291809082031],[122.85693359375],[125],[125]
258,[101.52883911132812],[121.60186004638672],[120.38471221923828],[122.23735046386719],[125],[125]
259,[101.8076171875],[122.26468658447266],[119.03630828857422],[121.11656188964844],[125],[125]
260,[100.81607818603516],[121.588623046875],[115.97172546386719],[121.19579315185547],[125],[125]
261,[100.81607818603516],[121.588623046875],[115.97172546386719],[121.19579315185547],[115],[115]
262,[88.6941909790039],[104.01654815673828],[109.31221008300781],[106.35637664794922],[100],[100]
263,[69.57829284667969],[84.56693267822266],[86.50088500976562],[84.48518371582031],[75],[75]
264,[45.739990234375],[54.45238494873047],[59.70481872558594],[52.0234375],[70],[70]
265,[50.8264274597168],[64.81018829345703],[55.5307731628418],[60.730751037597656],[55],[55]
266,[37.47916793823242],[43.52816390991211],[52.08137130737305],[44.748680114746094],[45],[45]
267,[31.01734733581543],[38.448448181152344],[39.79435729980469],[36.94856262207031],[45],[45]
268,[35.109840393066406],[41.069889068603516],[40.33207702636719],[40.59271240234375],[55],[55]
269,[50.7987174987793],[59.573368072509766],[52.765419006347656],[56.607666015625],[65],[65]
270,[59.40363693237305],[71.48595428466797],[71.84432983398438],[71.73551940917969],[65],[65]
271,[55.63196563720703],[66.9373550415039],[68.163818359375],[67.30830383300781],[65],[65]
272,[54.100948333740234],[66.00713348388672],[65.555908203125],[65.48058319091797],[65],[65]
273,[53.7116584777832],[64.86650085449219],[62.45752716064453],[64.17266082763672],[65],[65]
274,[53.7116584777832],[64.86650085449219],[62.45752716064453],[64.17266082763672],[70],[70]
275,[60.890254974365234],[72.76871490478516],[67.80220794677734],[72.08340454101562],[70],[70]
276,[58.64038848876953],[69.97879028320312],[71.77761840820312],[70.08707427978516],[70],[70]
277,[57.989627838134766],[70.35938262939453],[70.46055603027344],[69.72718811035156],[90],[90]
278,[85.55400848388672],[98.8110122680664],[88.81806182861328],[98.77781677246094],[90],[90]
279,[73.78455352783203],[90.44551849365234],[94.1514892578125],[92.57805633544922],[100],[100]
280,[88.4650650024414],[105.26749420166016],[99.31620788574219],[103.66496276855469],[100],[100]
281,[82.76219177246094],[98.71531677246094],[100.53681182861328],[99.73191833496094],[100],[100]
282,[82.98768615722656],[99.27295684814453],[97.13626098632812],[97.23539733886719],[90],[90]
283,[68.8212890625],[80.4666976928711],[85.70231628417969],[80.52523803710938],[80],[80]
284,[56.297489166259766],[69.64749908447266],[67.19831085205078],[68.21941375732422],[70],[70]
285,[49.77191925048828],[59.5243034362793],[58.84302520751953],[60.55058288574219],[55],[55]
286,[36.54640579223633],[43.809715270996094],[48.917144775390625],[44.86492919921875],[35],[35]
287,[24.57187271118164],[26.431629180908203],[31.45529556274414],[31.17644691467285],[30],[30]
288,[22.211618423461914],[24.602672576904297],[31.194963455200195],[26.01734161376953],[25],[25]
289,[19.110469818115234],[23.000267028808594],[30.803627014160156],[23.636510848999023],[20],[20]
290,[16.358579635620117],[19.752365112304688],[25.411479949951172],[21.614999771118164],[25],[25]
291,[22.301454544067383],[25.103534698486328],[24.534517288208008],[25.56618309020996],[25],[25]
292,[21.713727951049805],[27.27428436279297],[26.72098731994629],[26.407663345336914],[25],[25]
293,[21.96670913696289],[27.24006462097168],[26.72098731994629],[26.89528465270996],[25],[25]
294,[21.628684997558594],[26.3068790435791],[26.92783546447754],[25.716598510742188],[25],[25]
295,[21.628684997558594],[26.3068790435791],[26.92783546447754],[25.716598510742188],[25],[25]
296,[21.628684997558594],[26.3068790435791],[26.92783546447754],[25.716598510742188],[30],[30]
297,[27.273408889770508],[32.6673469543457],[31.306739807128906],[32.137447357177734],[30],[30]
298,[26.049968719482422],[32.28691482543945],[34.19363021850586],[31.96842384338379],[35],[35]
299,[31.69058609008789],[38.26114273071289],[38.38032150268555],[38.59220886230469],[40],[40]
300,[36.40116882324219],[44.621185302734375],[44.871498107910156],[43.86360168457031],[50],[50]
301,[47.10731887817383],[57.61719512939453],[54.34825134277344],[57.212806701660156],[60],[60]
302,[55.473846435546875],[66.93553161621094],[65.64419555664062],[67.78083038330078],[70],[70]
303,[64.20134735107422],[77.20442199707031],[75.35624694824219],[77.80043029785156],[90],[90]
304,[84.34544372558594],[100.92353057861328],[96.6173095703125],[102.12925720214844],[100],[100]
305,[88.88047790527344],[105.19601440429688],[105.3682632446289],[108.42240905761719],[110],[110]
306,[99.0499267578125],[115.90345001220703],[111.00108337402344],[114.36459350585938],[125],[125]
307,[112.72551727294922],[131.7030029296875],[126.77252197265625],[131.76026916503906],[125],[125]
308,[105.15828704833984],[124.41803741455078],[125.0431900024414],[124.05140686035156],[125],[125]
309,[103.71019744873047],[123.51338958740234],[120.69219970703125],[120.4549560546875],[125],[125]
310,[100.81607818603516],[121.588623046875],[115.97172546386719],[121.19579315185547],[130],[130]
311,[107.3608627319336],[129.4571075439453],[121.49250030517578],[128.68276977539062],[125],[125]
312,[98.24650573730469],[117.28716278076172],[121.49250030517578],[119.5136947631836],[125],[125]
313,[101.3083267211914],[122.08606719970703],[114.62385559082031],[120.08050537109375],[120],[120]
314,[93.93356323242188],[112.093505859375],[111.29424285888672],[113.743896484375],[115],[115]
315,[90.01219940185547],[108.6013412475586],[103.79660034179688],[107.9039306640625],[115],[115]
316,[91.40135955810547],[111.51156616210938],[101.353515625],[110.66267395019531],[110],[110]
317,[85.99796295166016],[102.63809967041016],[101.88539123535156],[104.21725463867188],[105],[105]
318,[82.00938415527344],[98.9095687866211],[93.74766540527344],[98.37728881835938],[100],[100]
319,[77.18550109863281],[93.46092987060547],[87.84923553466797],[93.64906311035156],[95],[95]
320,[73.21105194091797],[88.58027648925781],[83.39617156982422],[88.89138793945312],[95],[95]
321,[75.79258728027344],[92.0870132446289],[82.92933654785156],[91.59719848632812],[90],[90]
322,[70.16761779785156],[83.79965209960938],[83.86727905273438],[84.93062591552734],[80],[80]
323,[59.04884719848633],[70.79605102539062],[71.82585144042969],[69.27995300292969],[65],[65]
324,[42.635406494140625],[53.135520935058594],[54.717002868652344],[51.191062927246094],[65],[65]
325,[50.63887023925781],[63.93712615966797],[56.32744598388672],[59.488563537597656],[55],[55]
326,[39.360355377197266],[47.80298614501953],[51.95832061767578],[47.93799591064453],[50],[50]
327,[36.259178161621094],[45.87455368041992],[44.67892074584961],[44.221153259277344],[45],[45]
328,[33.665611267089844],[40.36735916137695],[43.14336013793945],[40.18155288696289],[35],[35]
329,[24.826074600219727],[29.56574058532715],[33.66918182373047],[31.02763557434082],[35],[35]
330,[27.60724449157715],[32.73322677612305],[33.824432373046875],[32.26900100708008],[35],[35]
331,[28.54711151123047],[34.1866569519043],[36.91741943359375],[33.24656677246094],[35],[35]
332,[29.26118278503418],[35.568782806396484],[37.01349639892578],[34.86799621582031],[25],[25]
333,[19.533489227294922],[23.85888671875],[26.968185424804688],[25.965412139892578],[25],[25]
334,[20.5628662109375],[25.085124969482422],[28.017040252685547],[24.30039405822754],[25],[25]
335,[20.72784423828125],[24.87677574157715],[28.755043029785156],[25.55827522277832],[35],[35]
336,[33.322715759277344],[40.268890380859375],[36.67097854614258],[38.730628967285156],[35],[35]
337,[30.27712631225586],[36.80260467529297],[38.75069808959961],[38.13662338256836],[35],[35]
338,[29.92177391052246],[37.17024230957031],[36.28107452392578],[36.87673568725586],[35],[35]
339,[29.26118278503418],[35.568782806396484],[37.01349639892578],[34.86799621582031],[35],[35]
340,[29.26118278503418],[35.568782806396484],[37.01349639892578],[34.86799621582031],[35],[35]
341,[29.26118278503418],[35.568782806396484],[37.01349639892578],[34.86799621582031],[35],[35]
342,[29.26118278503418],[35.568782806396484],[37.01349639892578],[34.86799621582031],[45],[45]
343,[42.0837516784668],[50.8789176940918],[45.73827362060547],[49.61417007446289],[45],[45]
344,[38.214561462402344],[46.615562438964844],[49.56563949584961],[47.30231475830078],[45],[45]
345,[37.869483947753906],[46.0975227355957],[46.41181564331055],[46.30525207519531],[45],[45]
346,[37.23122024536133],[45.32305908203125],[45.31175231933594],[44.60736083984375],[40],[40]
347,[31.128971099853516],[37.87065887451172],[41.146263122558594],[37.40223693847656],[35],[35]
348,[26.66775894165039],[31.87788963317871],[33.684898376464844],[32.234413146972656],[35],[35]
349,[27.99677848815918],[32.93158721923828],[35.26591873168945],[33.054969787597656],[30],[30]
350,[23.19095802307129],[28.307079315185547],[31.8262882232666],[28.526426315307617],[25],[25]
351,[19.944730758666992],[23.49384307861328],[27.911121368408203],[25.497920989990234],[25],[25]
352,[20.760183334350586],[24.0511474609375],[28.36570167541504],[24.55992317199707],[25],[25]
353,[21.198259353637695],[25.48350715637207],[27.507986068725586],[25.16032600402832],[25],[25]
354,[21.628684997558594],[26.3068790435791],[26.92783546447754],[25.716598510742188],[25],[25]
355,[21.628684997558594],[26.3068790435791],[26.92783546447754],[25.716598510742188],[25],[25]
356,[21.628684997558594],[26.3068790435791],[26.92783546447754],[25.716598510742188],[25],[25]
357,[21.628684997558594],[26.3068790435791],[26.92783546447754],[25.716598510742188],[30],[30]
358,[27.273408889770508],[32.6673469543457],[31.306739807128906],[32.137447357177734],[30],[30]
359,[26.049968719482422],[32.28691482543945],[34.19363021850586],[31.96842384338379],[35],[35]
360,[31.69058609008789],[38.26114273071289],[38.38032150268555],[38.59220886230469],[35],[35]
361,[30.015350341796875],[37.11112594604492],[39.39329528808594],[36.43927764892578],[50],[50]
362,[48.27641296386719],[58.67672348022461],[55.11912155151367],[58.46662902832031],[50],[50]
363,[42.051815032958984],[50.936771392822266],[55.31988525390625],[53.0496826171875],[50],[50]
364,[42.05412292480469],[51.38572311401367],[50.38276290893555],[51.29483413696289],[55],[55]
365,[48.23442840576172],[58.23259735107422],[54.429832458496094],[57.32122039794922],[65],[65]
366,[59.95859146118164],[71.72779083251953],[69.334716796875],[70.70242309570312],[70],[70]
367,[61.892879486083984],[74.14608001708984],[74.52304077148438],[74.98172760009766],[90],[90]
368,[84.9215316772461],[100.51717376708984],[95.29244995117188],[101.52101135253906],[105],[105]
369,[93.96910858154297],[111.6737289428711],[111.72882080078125],[115.13807678222656],[125],[125]
370,[114.53605651855469],[135.15206909179688],[128.81248474121094],[135.89686584472656],[90],[90]
371,[66.66181945800781],[59.4466438293457],[119.27906036376953],[67.67707061767578],[50],[50]
372,[32.497596740722656],[37.32896423339844],[46.34878921508789],[40.795623779296875],[40],[40]
373,[28.85928726196289],[29.294519424438477],[26.652807235717773],[35.953590393066406],[30],[30]
374,[22.325706481933594],[24.56096839904785],[26.61268424987793],[26.80255699157715],[30],[30]
375,[23.739919662475586],[27.310962677001953],[33.57479476928711],[28.1971378326416],[25],[25]
376,[19.339906692504883],[23.93340492248535],[29.286664962768555],[24.756961822509766],[30],[30]
377,[26.356813430786133],[29.88478660583496],[28.044267654418945],[30.537641525268555],[30],[30]
378,[25.59979820251465],[32.07063293457031],[33.570655822753906],[30.84505271911621],[35],[35]
379,[31.69058609008789],[38.26114273071289],[38.38032150268555],[38.59220886230469],[35],[35]
380,[30.015350341796875],[37.11112594604492],[39.39329528808594],[36.43927764892578],[35],[35]
381,[29.69856834411621],[36.187164306640625],[38.3447265625],[36.08385467529297],[35],[35]
382,[29.26118278503418],[35.568782806396484],[37.01350021362305],[34.86799621582031],[35],[35]
383,[29.26118278503418],[35.568782806396484],[37.01350021362305],[34.86799621582031],[35],[35]
384,[29.26118278503418],[35.568782806396484],[37.01349639892578],[34.86799621582031],[35],[35]
385,[29.26118278503418],[35.568782806396484],[37.01349639892578],[34.86799621582031],[30],[30]
386,[23.783803939819336],[28.954822540283203],[31.987394332885742],[29.290048599243164],[25],[25]
387,[19.944730758666992],[23.49384117126465],[27.911121368408203],[25.497922897338867],[25],[25]
388,[20.760183334350586],[24.0511474609375],[28.36570167541504],[24.55992317199707],[30],[30]
389,[26.924436569213867],[31.885189056396484],[30.313962936401367],[31.339216232299805],[25],[25]
390,[20.529264450073242],[26.430522918701172],[31.306739807128906],[26.57910919189453],[25],[25]
391,[21.452409744262695],[26.17367935180664],[27.507986068725586],[25.98352813720703],[30],[30]
392,[26.924436569213867],[31.885189056396484],[30.313962936401367],[31.339216232299805],[30],[30]
393,[26.049968719482422],[32.28691482543945],[34.19363021850586],[31.96842384338379],[30],[30]
394,[25.812705993652344],[31.731826782226562],[33.570655822753906],[31.44039535522461],[30],[30]
395,[25.40105628967285],[30.904064178466797],[33.09611511230469],[30.096757888793945],[35],[35]
396,[31.391027450561523],[38.048439025878906],[35.82333755493164],[36.94538116455078],[35],[35]
397,[30.015350341796875],[37.11112594604492],[39.39329528808594],[36.43927764892578],[30],[30]
398,[24.367074966430664],[30.088586807250977],[34.87698745727539],[29.30695152282715],[30],[30]
399,[24.658538818359375],[29.014705657958984],[32.7798957824707],[29.014585494995117],[30],[30]
400,[24.97804832458496],[30.000564575195312],[33.61832809448242],[29.35795021057129],[30],[30]
401,[25.40105628967285],[30.904064178466797],[33.09611511230469],[30.096757888793945],[30],[30]
402,[25.40105628967285],[30.904064178466797],[33.09611511230469],[30.096757888793945],[30],[30]
403,[25.40105628967285],[30.904064178466797],[33.09611511230469],[30.096757888793945],[30],[30]
404,[25.40105628967285],[30.904064178466797],[33.09611511230469],[30.096757888793945],[30],[30]
405,[25.40105628967285],[30.904064178466797],[33.09611511230469],[30.096757888793945],[30],[30]
406,[25.40105628967285],[30.904064178466797],[33.09611511230469],[30.096757888793945],[30],[30]
407,[25.40105628967285],[30.904064178466797],[33.09611511230469],[30.096757888793945],[30],[30]
408,[25.40105628967285],[30.904064178466797],[33.09611511230469],[30.096757888793945],[30],[30]
409,[25.40105628967285],[30.904064178466797],[33.09611511230469],[30.096757888793945],[30],[30]
410,[25.40105628967285],[30.904064178466797],[33.09611511230469],[30.096757888793945],[25],[25]
411,[20.314929962158203],[24.968645095825195],[28.044267654418945],[25.838600158691406],[25],[25]
412,[21.07632064819336],[24.84288787841797],[27.082286834716797],[24.902019500732422],[25],[25]
413,[21.198259353637695],[25.48350715637207],[27.507986068725586],[25.16032600402832],[25],[25]
414,[21.62868309020996],[26.3068790435791],[26.927831649780273],[25.71660041809082],[30],[30]
415,[27.273405075073242],[32.66734313964844],[31.30674171447754],[32.137447357177734],[30],[30]
416,[26.049968719482422],[32.28691482543945],[34.19363021850586],[31.96842384338379],[30],[30]
417,[25.812705993652344],[31.731826782226562],[33.570655822753906],[31.44039535522461],[30],[30]
418,[25.40105628967285],[30.904064178466797],[33.09611511230469],[30.096757888793945],[30],[30]
419,[25.40105628967285],[30.904064178466797],[33.09611511230469],[30.096757888793945],[30],[30]
420,[25.40105628967285],[30.904064178466797],[33.09611511230469],[30.096757888793945],[30],[30]
421,[25.40105628967285],[30.904064178466797],[33.09611511230469],[30.096757888793945],[30],[30]
422,[25.40105628967285],[30.904064178466797],[33.09611511230469],[30.096757888793945],[30],[30]
423,[25.40105628967285],[30.904064178466797],[33.09611511230469],[30.096757888793945],[25],[25]
424,[20.314929962158203],[24.968645095825195],[28.044267654418945],[25.838600158691406],[25],[25]
425,[21.07632064819336],[24.84288787841797],[27.082286834716797],[24.902019500732422],[25],[25]
426,[21.198259353637695],[25.48350715637207],[27.507986068725586],[25.16032600402832],[25],[25]
427,[21.628684997558594],[26.3068790435791],[26.92783546447754],[25.716598510742188],[25],[25]
428,[21.628684997558594],[26.3068790435791],[26.92783546447754],[25.716598510742188],[25],[25]
429,[21.628684997558594],[26.3068790435791],[26.92783546447754],[25.716598510742188],[25],[25]
430,[21.628684997558594],[26.3068790435791],[26.92783546447754],[25.716598510742188],[30],[30]
431,[27.273408889770508],[32.6673469543457],[31.306739807128906],[32.137447357177734],[30],[30]
432,[26.049968719482422],[32.28691482543945],[34.19363021850586],[31.96842384338379],[30],[30]
433,[25.812705993652344],[31.731826782226562],[33.570655822753906],[31.44039535522461],[30],[30]
434,[25.40105628967285],[30.904064178466797],[33.09611511230469],[30.096757888793945],[30],[30]
435,[25.40105628967285],[30.904064178466797],[33.09611511230469],[30.096757888793945],[30],[30]
436,[25.40105628967285],[30.904064178466797],[33.09611511230469],[30.096757888793945],[30],[30]
437,[25.40105628967285],[30.904064178466797],[33.09611511230469],[30.096757888793945],[35],[35]
438,[31.391027450561523],[38.048439025878906],[35.82333755493164],[36.94538116455078],[35],[35]
439,[30.015350341796875],[37.11112594604492],[39.39329528808594],[36.43927764892578],[45],[45]
440,[42.133216857910156],[51.19375991821289],[49.137203216552734],[51.316490173339844],[45],[45]
441,[38.214561462402344],[46.615562438964844],[49.56563949584961],[47.30231475830078],[50],[50]
442,[44.08990478515625],[53.68428039550781],[52.18621826171875],[53.81399917602539],[55],[55]
443,[49.06917953491211],[59.66081619262695],[59.352230072021484],[58.418060302734375],[65],[65]
444,[59.985836029052734],[72.21472930908203],[70.14730072021484],[71.76448059082031],[75],[75]
445,[68.18669891357422],[81.49498748779297],[80.50679016113281],[82.45724487304688],[85],[85]
446,[77.02450561523438],[91.50922393798828],[89.16596984863281],[92.29252624511719],[110],[110]
447,[102.81847381591797],[121.81287384033203],[116.154296875],[123.57476043701172],[110],[110]
448,[93.05501556396484],[110.37309265136719],[112.79409790039062],[112.10649108886719],[110],[110]
449,[91.76808166503906],[110.26093292236328],[105.04103088378906],[105.97309875488281],[105],[105]
450,[82.93724060058594],[98.6511001586914],[98.64442443847656],[99.42477416992188],[95],[95]
451,[71.34125518798828],[85.17041015625],[85.19416809082031],[84.92733764648438],[80],[80]
452,[53.63484191894531],[66.55184173583984],[66.53119659423828],[64.57331848144531],[70],[70]
453,[48.84583282470703],[60.168922424316406],[59.40315628051758],[59.77760696411133],[55],[55]
454,[37.070579528808594],[43.583709716796875],[50.09105682373047],[45.253631591796875],[50],[50]
455,[36.488590240478516],[45.06031799316406],[43.33213806152344],[43.70188903808594],[45],[45]
456,[33.719364166259766],[40.11272048950195],[43.565216064453125],[39.608909606933594],[40],[40]
457,[29.688684463500977],[36.0102653503418],[38.696617126464844],[36.052154541015625],[30],[30]
458,[21.76793098449707],[25.837207794189453],[28.843971252441406],[28.318517684936523],[25],[25]
459,[19.454288482666016],[22.43087387084961],[29.76527976989746],[24.322416305541992],[30],[30]
460,[25.93155288696289],[28.439105987548828],[29.286664962768555],[30.54328727722168],[20],[20]
461,[16.131500244140625],[21.807125091552734],[26.155380249023438],[21.97646141052246],[20],[20]
462,[17.222949981689453],[21.797447204589844],[21.801834106445312],[21.56852149963379],[25],[25]
463,[22.318132400512695],[25.667076110839844],[25.61942481994629],[26.21327018737793],[25],[25]
464,[22.15119171142578],[27.38117027282715],[26.68364143371582],[26.991609573364258],[25],[25]
465,[21.96670913696289],[27.24006462097168],[26.72098731994629],[26.89528465270996],[25],[25]
466,[21.628684997558594],[26.3068790435791],[26.92783546447754],[25.716598510742188],[25],[25]
467,[21.628684997558594],[26.3068790435791],[26.92783546447754],[25.716598510742188],[25],[25]
468,[21.628684997558594],[26.3068790435791],[26.92783546447754],[25.716598510742188],[35],[35]
469,[33.322715759277344],[40.268890380859375],[36.67097854614258],[38.730628967285156],[40],[40]
470,[36.504425048828125],[43.64592361450195],[44.67277145385742],[44.49397277832031],[50],[50]
471,[47.1297607421875],[57.59495544433594],[52.98798751831055],[56.363563537597656],[60],[60]
472,[55.473846435546875],[66.93553161621094],[65.64419555664062],[67.78083038330078],[70],[70]
473,[64.20134735107422],[77.20442199707031],[75.35624694824219],[77.80043029785156],[75],[75]
474,[66.47616577148438],[79.5866470336914],[78.66413116455078],[79.98167419433594],[80],[80]
475,[70.3722152709961],[83.85601806640625],[81.85716247558594],[83.8031005859375],[90],[90]
476,[81.26069641113281],[95.23857879638672],[92.73460388183594],[95.81784057617188],[100],[100]
477,[89.22399139404297],[105.13823699951172],[103.0943374633789],[106.41744995117188],[105],[105]
478,[91.66600799560547],[107.83695983886719],[105.76870727539062],[107.51210021972656],[110],[110]
479,[95.4514389038086],[112.02445983886719],[108.96117401123047],[110.66177368164062],[115],[115]
480,[98.85226440429688],[116.25625610351562],[113.85466766357422],[115.48651123046875],[115],[115]
481,[94.86296844482422],[112.85977935791016],[112.49413299560547],[112.69816589355469],[120],[120]
482,[101.36270141601562],[120.49358367919922],[116.17906951904297],[119.07206726074219],[120],[120]
483,[97.73626708984375],[116.87448120117188],[115.94705200195312],[117.4740219116211],[120],[120]
484,[97.96697235107422],[117.50885772705078],[114.59880065917969],[116.34773254394531],[120],[120]
485,[96.96155548095703],[116.82830047607422],[111.53453826904297],[116.43246459960938],[120],[120]
486,[96.96155548095703],[116.82830047607422],[111.53453826904297],[116.43246459960938],[115],[115]
487,[90.79127502441406],[108.0901107788086],[108.20491027832031],[108.94548797607422],[110],[110]
488,[86.01467895507812],[103.79207611083984],[98.82643127441406],[103.140625],[105],[105]
489,[81.16372680664062],[98.34960174560547],[92.41683959960938],[98.41238403320312],[100],[100]
490,[77.18550109863281],[93.46092987060547],[87.8492660522461],[93.64906311035156],[90],[90]
491,[66.3709945678711],[79.77444458007812],[79.4251480102539],[79.7625732421875],[80],[80]
492,[56.645572662353516],[68.82417297363281],[66.31768798828125],[68.46311950683594],[70],[70]
493,[49.77191925048828],[59.5243034362793],[58.84302520751953],[60.55058288574219],[60],[60]
494,[42.27366256713867],[50.87976837158203],[52.63593292236328],[51.55860900878906],[55],[55]
495,[40.93039321899414],[49.04981231689453],[49.693077087402344],[48.910579681396484],[45],[45]
496,[31.777406692504883],[37.98458480834961],[42.95359420776367],[38.642234802246094],[40],[40]
497,[29.38814353942871],[35.78278732299805],[36.960838317871094],[35.515045166015625],[35],[35]
498,[26.133893966674805],[30.99860954284668],[33.9771614074707],[31.419410705566406],[30],[30]
499,[22.770980834960938],[26.887413024902344],[30.122638702392578],[27.90092658996582],[25],[25]
500,[19.525930404663086],[22.834779739379883],[28.981332778930664],[24.652986526489258],[25],[25]
501,[20.760183334350586],[24.0511474609375],[28.36570167541504],[24.55992317199707],[25],[25]
502,[21.198259353637695],[25.48350715637207],[27.507986068725586],[25.16032600402832],[25],[25]
503,[21.628684997558594],[26.3068790435791],[26.92783546447754],[25.716598510742188],[30],[30]
504,[27.273408889770508],[32.6673469543457],[31.306739807128906],[32.137447357177734],[30],[30]
505,[26.049968719482422],[32.28691482543945],[34.19363021850586],[31.96842384338379],[30],[30]
506,[25.812705993652344],[31.731826782226562],[33.570655822753906],[31.44039535522461],[35],[35]
507,[31.391027450561523],[38.048439025878906],[35.82333755493164],[36.94538116455078],[40],[40]
508,[36.40116882324219],[44.621185302734375],[44.871498107910156],[43.86360168457031],[50],[50]
509,[47.10731887817383],[57.61719512939453],[54.34825134277344],[57.212806701660156],[60],[60]
510,[55.473846435546875],[66.9355239868164],[65.64419555664062],[67.78083801269531],[65],[65]
511,[58.0245475769043],[69.79364013671875],[69.3724136352539],[70.3134536743164],[75],[75]
512,[68.5331039428711],[81.88005828857422],[78.80622100830078],[81.66378021240234],[80],[80]
513,[70.2387466430664],[83.73602294921875],[83.55785369873047],[84.58171844482422],[85],[85]
514,[74.59806060791016],[88.5058364868164],[86.37437438964844],[88.54283142089844],[90],[90]
515,[78.50628662109375],[92.63629150390625],[91.26803588867188],[93.11627197265625],[90],[90]
516,[75.19036102294922],[89.36607360839844],[89.80290222167969],[89.86932373046875],[90],[90]
517,[74.44363403320312],[89.20465850830078],[88.35118103027344],[88.77447509765625],[85],[85]
518,[67.15739440917969],[79.84920501708984],[80.72325897216797],[79.6321029663086],[75],[75]
519,[54.938297271728516],[66.0782699584961],[67.40690612792969],[64.31639862060547],[70],[70]
520,[51.65828323364258],[63.608680725097656],[58.80940246582031],[63.223960876464844],[65],[65]
521,[49.53887176513672],[58.970096588134766],[57.238155364990234],[59.794639587402344],[65],[65]
522,[52.00004196166992],[62.71257400512695],[57.5239372253418],[62.52204895019531],[65],[65]
523,[53.135765075683594],[64.1236572265625],[61.312889099121094],[63.59343338012695],[70],[70]
524,[60.890254974365234],[72.76871490478516],[67.80220794677734],[72.08340454101562],[75],[75]
525,[65.8727798461914],[78.00434875488281],[77.27243041992188],[77.971923828125],[85],[85]
526,[77.03739929199219],[90.59297943115234],[88.2172622680664],[91.02424621582031],[95],[95]
527,[85.03727722167969],[100.40249633789062],[98.57691955566406],[101.641357421875],[100],[100]
528,[87.49935150146484],[103.08875274658203],[101.25127410888672],[103.09210205078125],[100],[100]
529,[83.88888549804688],[99.44165802001953],[98.45967864990234],[98.412353515625],[95],[95]
530,[75.88155364990234],[89.98043060302734],[93.33856201171875],[89.84783935546875],[90],[90]
531,[69.89759826660156],[84.31633758544922],[80.24078369140625],[83.89167785644531],[90],[90]
532,[71.88764190673828],[87.22612762451172],[78.51708984375],[86.76725769042969],[85],[85]
533,[66.2154541015625],[79.11407470703125],[79.4000473022461],[79.97784423828125],[75],[75]
534,[54.938297271728516],[66.0782699584961],[67.40690612792969],[64.31639862060547],[70],[70]
535,[51.65828323364258],[63.608680725097656],[58.80940246582031],[63.223960876464844],[65],[65]
536,[49.53887176513672],[58.970096588134766],[57.238155364990234],[59.794639587402344],[55],[55]
537,[38.860042572021484],[47.5637321472168],[49.78824234008789],[47.37420654296875],[50],[50]
538,[36.41504669189453],[45.1494140625],[45.34410858154297],[44.502376556396484],[45],[45]
539,[33.665611267089844],[40.36735916137695],[43.14336013793945],[40.18155288696289],[45],[45]
540,[35.70339584350586],[42.800498962402344],[42.80558395385742],[42.45305633544922],[40],[40]
541,[30.5880069732666],[37.4376220703125],[40.62879943847656],[36.9769287109375],[35],[35]
542,[26.66775894165039],[31.877893447875977],[33.684906005859375],[32.23440933227539],[30],[30]
543,[22.77098274230957],[26.887413024902344],[30.122644424438477],[27.900928497314453],[25],[25]
544,[19.525930404663086],[22.834779739379883],[28.981332778930664],[24.652986526489258],[25],[25]
545,[20.760183334350586],[24.0511474609375],[28.36570167541504],[24.55992317199707],[25],[25]
546,[21.198259353637695],[25.48350715637207],[27.507986068725586],[25.16032600402832],[25],[25]
547,[21.628684997558594],[26.3068790435791],[26.92783546447754],[25.716598510742188],[25],[25]
548,[21.628684997558594],[26.3068790435791],[26.92783546447754],[25.716598510742188],[25],[25]
549,[21.628684997558594],[26.3068790435791],[26.92783546447754],[25.716598510742188],[25],[25]
550,[21.628684997558594],[26.3068790435791],[26.92783546447754],[25.716598510742188],[25],[25]
551,[21.628684997558594],[26.3068790435791],[26.92783546447754],[25.716598510742188],[25],[25]
552,[21.628684997558594],[26.3068790435791],[26.92783546447754],[25.716598510742188],[25],[25]
553,[21.628684997558594],[26.3068790435791],[26.92783546447754],[25.716598510742188],[30],[30]
554,[27.273408889770508],[32.6673469543457],[31.306739807128906],[32.137447357177734],[30],[30]
555,[26.049968719482422],[32.28691482543945],[34.19363021850586],[31.96842384338379],[35],[35]
556,[31.69058609008789],[38.26114273071289],[38.38032150268555],[38.59220886230469],[40],[40]
557,[36.40116882324219],[44.621185302734375],[44.871498107910156],[43.86360168457031],[55],[55]
558,[53.03828048706055],[64.93513488769531],[60.348907470703125],[64.11446380615234],[55],[55]
559,[46.931358337402344],[56.077064514160156],[59.51762008666992],[58.41272735595703],[65],[65]
560,[58.911407470703125],[71.58212280273438],[67.81581115722656],[70.92626953125],[70],[70]
561,[61.40763854980469],[73.84015655517578],[74.90019226074219],[73.99320220947266],[75],[75]
562,[66.14108276367188],[79.2134780883789],[77.34004211425781],[79.00067138671875],[75],[75]
563,[63.0922737121582],[75.3675308227539],[76.25740051269531],[75.68391418457031],[80],[80]
564,[69.26576232910156],[82.83997344970703],[80.41104888916016],[82.54463195800781],[85],[85]
565,[74.12845611572266],[87.31281280517578],[86.24087524414062],[87.81539916992188],[90],[90]
566,[78.50628662109375],[92.63629150390625],[91.26803588867188],[93.11627197265625],[90],[90]
567,[75.19036102294922],[89.36607360839844],[89.80290222167969],[89.86932373046875],[105],[105]
568,[96.42623138427734],[111.05691528320312],[104.90430450439453],[111.93501281738281],[105],[105]
569,[86.29698944091797],[104.63764190673828],[106.37882995605469],[105.52183532714844],[105],[105]
570,[87.16132354736328],[104.5759506225586],[101.27620697021484],[101.66860961914062],[100],[100]
571,[79.00480651855469],[93.94055938720703],[94.16119384765625],[94.73387908935547],[90],[90]
572,[67.25882720947266],[80.35106658935547],[80.72625732421875],[79.57213592529297],[75],[75]
573,[49.87773895263672],[62.128135681152344],[62.4095573425293],[59.76319885253906],[60],[60]
574,[39.39265060424805],[47.96833419799805],[52.558406829833984],[48.052127838134766],[55],[55]
575,[40.29944610595703],[48.369285583496094],[47.69054412841797],[47.72694396972656],[50],[50]
576,[37.69037628173828],[44.752655029296875],[47.40550231933594],[44.18817901611328],[45],[45]
577,[33.41481018066406],[40.65049362182617],[42.657352447509766],[40.81101608276367],[35],[35]
578,[24.826074600219727],[29.56574058532715],[33.66918182373047],[31.02763557434082],[35],[35]
579,[27.60724449157715],[32.73322677612305],[33.824432373046875],[32.26900100708008],[30],[30]
580,[22.781530380249023],[27.859813690185547],[31.834566116333008],[28.13051414489746],[30],[30]
581,[24.658538818359375],[29.014705657958984],[32.7798957824707],[29.014585494995117],[25],[25]
582,[19.73944664001465],[24.239654541015625],[28.50954818725586],[24.957576751708984],[25],[25]
583,[21.07632064819336],[24.84288787841797],[27.082286834716797],[24.902019500732422],[25],[25]
584,[21.198259353637695],[25.48350715637207],[27.507986068725586],[25.16032600402832],[25],[25]
585,[21.628684997558594],[26.3068790435791],[26.92783546447754],[25.716598510742188],[25],[25]
586,[21.628684997558594],[26.3068790435791],[26.92783546447754],[25.716598510742188],[25],[25]
587,[21.628684997558594],[26.3068790435791],[26.92783546447754],[25.716598510742188],[30],[30]
588,[27.273408889770508],[32.6673469543457],[31.306739807128906],[32.137447357177734],[30],[30]
589,[26.049968719482422],[32.28691482543945],[34.19363021850586],[31.96842384338379],[30],[30]
590,[25.812705993652344],[31.731826782226562],[33.570655822753906],[31.44039535522461],[30],[30]
591,[25.40105628967285],[30.904064178466797],[33.09611511230469],[30.096757888793945],[35],[35]
592,[31.391027450561523],[38.048439025878906],[35.82333755493164],[36.94538116455078],[35],[35]
593,[30.015350341796875],[37.11112594604492],[39.39329528808594],[36.43927764892578],[40],[40]
594,[35.7969856262207],[43.355098724365234],[43.30009078979492],[43.530941009521484],[45],[45]
595,[40.6114616394043],[49.759281158447266],[49.87166976928711],[48.70574188232422],[50],[50]
596,[45.0434684753418],[55.079036712646484],[53.85111618041992],[54.53594970703125],[45],[45]
597,[36.245445251464844],[44.52901077270508],[53.627296447753906],[43.856231689453125],[40],[40]
598,[31.116989135742188],[37.185691833496094],[40.62879943847656],[36.83050537109375],[30],[30]
599,[21.76793098449707],[25.837207794189453],[28.843971252441406],[28.318517684936523],[25],[25]
600,[19.454288482666016],[22.43087387084961],[29.76527976989746],[24.322416305541992],[25],[25]
601,[20.38057518005371],[23.586095809936523],[29.36813735961914],[25.38007926940918],[25],[25]
602,[21.198259353637695],[25.48350715637207],[27.507986068725586],[25.16032600402832],[25],[25]
603,[21.628684997558594],[26.3068790435791],[26.92783546447754],[25.716598510742188],[25],[25]
604,[21.628684997558594],[26.3068790435791],[26.92783546447754],[25.716598510742188],[30],[30]
605,[27.273408889770508],[32.6673469543457],[31.306739807128906],[32.137447357177734],[30],[30]
606,[26.049970626831055],[32.28691864013672],[34.19364547729492],[31.968421936035156],[25],[25]
607,[20.789356231689453],[26.400146484375],[30.313962936401367],[25.7926082611084],[25],[25]
608,[21.07632064819336],[24.84288787841797],[27.082286834716797],[24.902019500732422],[25],[25]
609,[21.198259353637695],[25.48350715637207],[27.507986068725586],[25.16032600402832],[30],[30]
610,[27.273408889770508],[32.6673469543457],[31.306739807128906],[32.137447357177734],[30],[30]
611,[26.049968719482422],[32.28691482543945],[34.19363021850586],[31.96842384338379],[30],[30]
612,[25.812705993652344],[31.731826782226562],[33.570655822753906],[31.44039535522461],[25],[25]
613,[20.314929962158203],[24.968645095825195],[28.044267654418945],[25.838600158691406],[25],[25]
614,[21.07632064819336],[24.84288787841797],[27.082286834716797],[24.902019500732422],[25],[25]
615,[21.198259353637695],[25.48350715637207],[27.507986068725586],[25.16032600402832],[25],[25]
616,[21.628684997558594],[26.3068790435791],[26.92783546447754],[25.716598510742188],[30],[30]
617,[27.273408889770508],[32.6673469543457],[31.306739807128906],[32.137447357177734],[30],[30]
618,[26.049968719482422],[32.28691482543945],[34.19363021850586],[31.96842384338379],[35],[35]
619,[31.69058609008789],[38.26114273071289],[38.38032150268555],[38.59220886230469],[35],[35]
620,[30.015350341796875],[37.11112594604492],[39.39329528808594],[36.43927764892578],[35],[35]
621,[29.69856834411621],[36.187164306640625],[38.3447265625],[36.08385467529297],[35],[35]
622,[29.26118278503418],[35.568782806396484],[37.01349639892578],[34.86799621582031],[35],[35]
623,[29.26118278503418],[35.568782806396484],[37.01349639892578],[34.86799621582031],[35],[35]
624,[29.26118278503418],[35.568782806396484],[37.01349639892578],[34.86799621582031],[35],[35]
625,[29.26118278503418],[35.568782806396484],[37.01349639892578],[34.86799621582031],[35],[35]
626,[29.26118278503418],[35.568782806396484],[37.01349639892578],[34.86799621582031],[35],[35]
627,[29.26118278503418],[35.568782806396484],[37.01349639892578],[34.86799621582031],[35],[35]
628,[29.26118278503418],[35.568782806396484],[37.01349639892578],[34.86799621582031],[35],[35]
629,[29.26118278503418],[35.568782806396484],[37.01349639892578],[34.86799621582031],[35],[35]
630,[29.26118278503418],[35.568782806396484],[37.01349639892578],[34.86799621582031],[35],[35]
631,[29.26118278503418],[35.568782806396484],[37.01349639892578],[34.86799621582031],[30],[30]
632,[23.783803939819336],[28.954822540283203],[31.987394332885742],[29.290048599243164],[25],[25]
633,[19.944730758666992],[23.49384117126465],[27.911121368408203],[25.497922897338867],[25],[25]
634,[20.760183334350586],[24.0511474609375],[28.36570167541504],[24.55992317199707],[25],[25]
635,[21.198259353637695],[25.48350715637207],[27.507986068725586],[25.16032600402832],[30],[30]
636,[27.273408889770508],[32.6673469543457],[31.306739807128906],[32.137447357177734],[30],[30]
637,[26.049968719482422],[32.28691482543945],[34.19363021850586],[31.96842384338379],[35],[35]
638,[31.690589904785156],[38.26115036010742],[38.38032150268555],[38.59220886230469],[40],[40]
639,[36.40116882324219],[44.621185302734375],[44.871490478515625],[43.86359786987305],[55],[55]
640,[53.03828048706055],[64.93513488769531],[60.348907470703125],[64.11446380615234],[55],[55]
641,[46.931358337402344],[56.077064514160156],[59.51762008666992],[58.41272735595703],[60],[60]
642,[52.42404556274414],[64.00055694580078],[61.83761978149414],[63.439300537109375],[65],[65]
643,[57.51108169555664],[68.81570434570312],[68.30781555175781],[68.18832397460938],[70],[70]
644,[61.86969757080078],[74.03855895996094],[73.20106506347656],[73.98025512695312],[75],[75]
645,[66.05951690673828],[78.65869140625],[77.71735382080078],[78.77684783935547],[75],[75]
646,[63.0922737121582],[75.3675308227539],[76.25740051269531],[75.68391418457031],[80],[80]
647,[69.26576232910156],[82.83997344970703],[80.41104888916016],[82.54463195800781],[85],[85]
648,[74.12845611572266],[87.31281280517578],[86.24087524414062],[87.81539916992188],[85],[85]
649,[71.18460083007812],[84.6908950805664],[85.286865234375],[85.31979370117188],[90],[90]
650,[77.57879638671875],[92.20308685302734],[89.37858581542969],[92.07737731933594],[90],[90]
651,[74.62432098388672],[88.6421127319336],[89.69428253173828],[89.50141143798828],[85],[85]
652,[67.86943054199219],[80.59795379638672],[84.37419891357422],[79.79403686523438],[75],[75]
653,[54.938297271728516],[66.0782699584961],[67.40690612792969],[64.31639862060547],[55],[55]
654,[35.144351959228516],[40.72874450683594],[47.42760467529297],[39.5080680847168],[20],[20]
655,[19.275829315185547],[22.402156829833984],[22.955026626586914],[20.01836585998535],[25],[25]
656,[19.195384979248047],[27.092079162597656],[33.70510482788086],[25.30217933654785],[30],[30]
657,[24.575057983398438],[27.8583984375],[29.797584533691406],[34.04949951171875],[30],[30]
658,[26.43246841430664],[32.74821853637695],[31.820083618164062],[32.41786575317383],[35],[35]
659,[31.69058609008789],[38.26114273071289],[38.38032150268555],[38.59220886230469],[35],[35]
660,[30.015350341796875],[37.11112594604492],[39.39329528808594],[36.43927764892578],[35],[35]
661,[29.69856834411621],[36.187164306640625],[38.3447265625],[36.08385467529297],[35],[35]
662,[29.26118278503418],[35.568782806396484],[37.01349639892578],[34.86799621582031],[35],[35]
663,[29.26118278503418],[35.568782806396484],[37.01349639892578],[34.86799621582031],[35],[35]
664,[29.26118278503418],[35.568782806396484],[37.01349639892578],[34.86799621582031],[30],[30]
665,[23.783803939819336],[28.954822540283203],[31.987394332885742],[29.290048599243164],[30],[30]
666,[24.658538818359375],[29.014705657958984],[32.7798957824707],[29.014585494995117],[30],[30]
667,[24.97804832458496],[30.000564575195312],[33.61832809448242],[29.35795021057129],[25],[25]
668,[20.314929962158203],[24.968645095825195],[28.044267654418945],[25.838600158691406],[25],[25]
669,[21.07632064819336],[24.84288787841797],[27.082286834716797],[24.902019500732422],[25],[25]
670,[21.198261260986328],[25.483505249023438],[27.507980346679688],[25.16032600402832],[25],[25]
671,[21.62868309020996],[26.3068790435791],[26.927831649780273],[25.71660041809082],[25],[25]
672,[21.628684997558594],[26.3068790435791],[26.92783546447754],[25.716598510742188],[25],[25]
673,[21.628684997558594],[26.3068790435791],[26.92783546447754],[25.716598510742188],[25],[25]
674,[21.628684997558594],[26.3068790435791],[26.92783546447754],[25.716598510742188],[25],[25]
675,[21.628684997558594],[26.3068790435791],[26.92783546447754],[25.716598510742188],[25],[25]
676,[21.628684997558594],[26.3068790435791],[26.92783546447754],[25.716598510742188],[30],[30]
677,[27.273408889770508],[32.6673469543457],[31.306739807128906],[32.137447357177734],[40],[40]
678,[38.33797073364258],[47.051971435546875],[46.09074783325195],[45.27985382080078],[45],[45]
679,[40.999000549316406],[48.890750885009766],[48.30366897583008],[50.17168045043945],[55],[55]
680,[51.40316390991211],[62.91355514526367],[58.39748764038086],[61.8752326965332],[60],[60]
681,[53.52338790893555],[64.39720916748047],[65.2281494140625],[65.21005249023438],[65],[65]
682,[57.69231033325195],[69.8763198852539],[68.30611419677734],[69.34609985351562],[70],[70]
683,[61.86969757080078],[74.03855895996094],[73.20106506347656],[73.98025512695312],[75],[75]
684,[66.05951690673828],[78.65869140625],[77.71735382080078],[78.77684783935547],[80],[80]
685,[70.23025512695312],[83.29594421386719],[82.23402404785156],[83.56658935546875],[85],[85]
686,[74.37928771972656],[87.95577239990234],[86.75094604492188],[88.34950256347656],[90],[90]
687,[78.50628662109375],[92.63629150390625],[91.26803588867188],[93.11627197265625],[85],[85]
688,[68.15690612792969],[80.54621124267578],[89.37858581542969],[80.85807800292969],[85],[85]
689,[68.54269409179688],[83.58171844482422],[78.91519165039062],[83.18246459960938],[80],[80]
690,[62.262847900390625],[74.44513702392578],[74.94300842285156],[75.14594268798828],[80],[80]
691,[64.24933624267578],[78.07567596435547],[70.9402847290039],[78.14286804199219],[75],[75]
692,[58.307579040527344],[69.79839324951172],[70.50143432617188],[70.37188720703125],[75],[75]
693,[60.091514587402344],[73.2402572631836],[66.58909606933594],[73.17398071289062],[70],[70]
694,[54.34707260131836],[65.17829132080078],[66.08316040039062],[65.61445617675781],[65],[65]
695,[49.27064514160156],[60.084354400634766],[58.36867141723633],[59.276554107666016],[60],[60]
696,[45.21174240112305],[54.736656188964844],[53.65321350097656],[55.02903747558594],[50],[50]
697,[35.1625862121582],[42.95658874511719],[46.050621032714844],[42.96351623535156],[30],[30]
698,[21.569185256958008],[26.45734405517578],[28.158374786376953],[29.0510311126709],[30],[30]
699,[23.682531356811523],[27.190019607543945],[38.90376663208008],[27.324678421020508],[30],[30]
700,[23.80838394165039],[27.81374740600586],[34.14213562011719],[28.98796844482422],[30],[30]
701,[25.40105628967285],[30.904064178466797],[33.09611511230469],[30.096757888793945],[35],[35]
702,[31.391027450561523],[38.048439025878906],[35.823341369628906],[36.94538497924805],[35],[35]
703,[30.01534652709961],[37.11112976074219],[39.39329528808594],[36.43927764892578],[35],[35]
704,[29.69856834411621],[36.187164306640625],[38.3447265625],[36.08385467529297],[45],[45]
705,[42.0837516784668],[50.8789176940918],[45.73827362060547],[49.61417007446289],[55],[55]
706,[50.96695327758789],[61.682071685791016],[61.44740295410156],[61.81053161621094],[60],[60]
707,[53.80221939086914],[64.73869323730469],[63.8257942199707],[65.42375183105469],[65],[65]
708,[57.69231033325195],[69.8763198852539],[68.30611419677734],[69.34609985351562],[75],[75]
709,[68.53973388671875],[81.39105224609375],[79.1826171875],[81.4332275390625],[75],[75]
710,[63.36299133300781],[75.90953063964844],[77.57514953613281],[76.6386489868164],[75],[75]
711,[62.28590774536133],[75.7077407836914],[74.56568145751953],[75.03901672363281],[70],[70]
712,[55.14165115356445],[65.84529876708984],[67.33700561523438],[65.11518096923828],[65],[65]
713,[49.27064514160156],[60.084354400634766],[58.36867141723633],[59.276554107666016],[55],[55]
714,[38.860042572021484],[47.5637321472168],[49.78824234008789],[47.37420654296875],[55],[55]
715,[42.553157806396484],[53.01509094238281],[49.12979507446289],[51.19553756713867],[45],[45]
716,[32.07332229614258],[39.04694366455078],[44.530052185058594],[39.30351257324219],[40],[40]
717,[29.430105209350586],[36.344181060791016],[36.91374588012695],[35.3823356628418],[40],[40]
718,[31.881072998046875],[37.296722412109375],[38.99115753173828],[37.176849365234375],[30],[30]
719,[21.84722328186035],[26.795013427734375],[30.834030151367188],[28.661510467529297],[25],[25]
720,[19.513530731201172],[23.130224227905273],[28.990957260131836],[25.198179244995117],[25],[25]
721,[20.38057518005371],[23.586095809936523],[29.36813735961914],[25.38007926940918],[30],[30]
722,[26.924436569213867],[31.885189056396484],[30.313962936401367],[31.339216232299805],[45],[45]
723,[44.1643180847168],[54.27627182006836],[52.707305908203125],[51.52721405029297],[65],[65]
724,[62.042415618896484],[72.20720672607422],[74.84330749511719],[76.49047088623047],[60],[60]
725,[49.40919494628906],[60.00920486450195],[68.2656478881836],[60.571861267089844],[55],[55]
726,[44.2952880859375],[53.85911560058594],[59.12453842163086],[53.227508544921875],[45],[45]
727,[31.582868576049805],[38.31242370605469],[42.440589904785156],[38.64868927001953],[35],[35]
728,[24.58791732788086],[29.042869567871094],,,[35],
729,[27.45270347595215],[32.14097213745117],,,[35],
730,[28.547115325927734],[34.1866569519043],,,[30],
